run_id,episode,train_reward,eval_avg_reward,eval_avg_energy,eval_avg_comfort_violation,epsilon,learning_rate,gamma,epsilon_decay
qlearning_v1,1,-754.2708,,,,0.995,0.1,0.95,0.995
qlearning_v1,2,-889.8268,,,,0.990025,0.1,0.95,0.995
qlearning_v1,3,-693.7577,,,,0.985075,0.1,0.95,0.995
qlearning_v1,4,-846.5467,,,,0.98015,0.1,0.95,0.995
qlearning_v1,5,-672.9756,,,,0.975249,0.1,0.95,0.995
qlearning_v1,6,-718.299,,,,0.970373,0.1,0.95,0.995
qlearning_v1,7,-836.7629,,,,0.965521,0.1,0.95,0.995
qlearning_v1,8,-823.862,,,,0.960693,0.1,0.95,0.995
qlearning_v1,9,-756.8868,,,,0.95589,0.1,0.95,0.995
qlearning_v1,10,-741.3288,,,,0.95111,0.1,0.95,0.995
qlearning_v1,11,-744.5366,,,,0.946355,0.1,0.95,0.995
qlearning_v1,12,-733.0321,,,,0.941623,0.1,0.95,0.995
qlearning_v1,13,-676.98,,,,0.936915,0.1,0.95,0.995
qlearning_v1,14,-699.9215,,,,0.93223,0.1,0.95,0.995
qlearning_v1,15,-703.4298,,,,0.927569,0.1,0.95,0.995
qlearning_v1,16,-890.9578,,,,0.922931,0.1,0.95,0.995
qlearning_v1,17,-820.0936,,,,0.918316,0.1,0.95,0.995
qlearning_v1,18,-832.4442,,,,0.913725,0.1,0.95,0.995
qlearning_v1,19,-668.7591,,,,0.909156,0.1,0.95,0.995
qlearning_v1,20,-732.912,,,,0.90461,0.1,0.95,0.995
qlearning_v1,21,-837.898,,,,0.900087,0.1,0.95,0.995
qlearning_v1,22,-714.5721,,,,0.895587,0.1,0.95,0.995
qlearning_v1,23,-766.104,,,,0.891109,0.1,0.95,0.995
qlearning_v1,24,-842.497,,,,0.886654,0.1,0.95,0.995
qlearning_v1,25,-796.6205,,,,0.88222,0.1,0.95,0.995
qlearning_v1,26,-947.7354,,,,0.877809,0.1,0.95,0.995
qlearning_v1,27,-817.1589,,,,0.87342,0.1,0.95,0.995
qlearning_v1,28,-789.7069,,,,0.869053,0.1,0.95,0.995
qlearning_v1,29,-931.1443,,,,0.864708,0.1,0.95,0.995
qlearning_v1,30,-814.5369,,,,0.860384,0.1,0.95,0.995
qlearning_v1,31,-690.473,,,,0.856082,0.1,0.95,0.995
qlearning_v1,32,-797.427,,,,0.851802,0.1,0.95,0.995
qlearning_v1,33,-701.2797,,,,0.847543,0.1,0.95,0.995
qlearning_v1,34,-725.3302,,,,0.843305,0.1,0.95,0.995
qlearning_v1,35,-700.6082,,,,0.839089,0.1,0.95,0.995
qlearning_v1,36,-824.2843,,,,0.834893,0.1,0.95,0.995
qlearning_v1,37,-806.7787,,,,0.830719,0.1,0.95,0.995
qlearning_v1,38,-864.3326,,,,0.826565,0.1,0.95,0.995
qlearning_v1,39,-765.4963,,,,0.822432,0.1,0.95,0.995
qlearning_v1,40,-747.1814,,,,0.81832,0.1,0.95,0.995
qlearning_v1,41,-848.8951,,,,0.814229,0.1,0.95,0.995
qlearning_v1,42,-907.1891,,,,0.810157,0.1,0.95,0.995
qlearning_v1,43,-754.2025,,,,0.806107,0.1,0.95,0.995
qlearning_v1,44,-691.6654,,,,0.802076,0.1,0.95,0.995
qlearning_v1,45,-918.421,,,,0.798066,0.1,0.95,0.995
qlearning_v1,46,-929.287,,,,0.794075,0.1,0.95,0.995
qlearning_v1,47,-758.2692,,,,0.790105,0.1,0.95,0.995
qlearning_v1,48,-761.6986,,,,0.786154,0.1,0.95,0.995
qlearning_v1,49,-877.4814,,,,0.782224,0.1,0.95,0.995
qlearning_v1,50,-730.8063,-1385.0145,53.65,1305.7895,0.778313,0.1,0.95,0.995
qlearning_v1,51,-856.8476,,,,0.774421,0.1,0.95,0.995
qlearning_v1,52,-754.3135,,,,0.770549,0.1,0.95,0.995
qlearning_v1,53,-621.1842,,,,0.766696,0.1,0.95,0.995
qlearning_v1,54,-715.2978,,,,0.762863,0.1,0.95,0.995
qlearning_v1,55,-795.5698,,,,0.759048,0.1,0.95,0.995
qlearning_v1,56,-861.4751,,,,0.755253,0.1,0.95,0.995
qlearning_v1,57,-810.4626,,,,0.751477,0.1,0.95,0.995
qlearning_v1,58,-726.9856,,,,0.747719,0.1,0.95,0.995
qlearning_v1,59,-879.9372,,,,0.743981,0.1,0.95,0.995
qlearning_v1,60,-656.6651,,,,0.740261,0.1,0.95,0.995
qlearning_v1,61,-679.9663,,,,0.73656,0.1,0.95,0.995
qlearning_v1,62,-872.4083,,,,0.732877,0.1,0.95,0.995
qlearning_v1,63,-682.1273,,,,0.729212,0.1,0.95,0.995
qlearning_v1,64,-707.9845,,,,0.725566,0.1,0.95,0.995
qlearning_v1,65,-731.2619,,,,0.721939,0.1,0.95,0.995
qlearning_v1,66,-970.2208,,,,0.718329,0.1,0.95,0.995
qlearning_v1,67,-627.6845,,,,0.714737,0.1,0.95,0.995
qlearning_v1,68,-765.5694,,,,0.711164,0.1,0.95,0.995
qlearning_v1,69,-856.2375,,,,0.707608,0.1,0.95,0.995
qlearning_v1,70,-965.6609,,,,0.70407,0.1,0.95,0.995
qlearning_v1,71,-854.7838,,,,0.700549,0.1,0.95,0.995
qlearning_v1,72,-961.6228,,,,0.697047,0.1,0.95,0.995
qlearning_v1,73,-596.3322,,,,0.693561,0.1,0.95,0.995
qlearning_v1,74,-861.3489,,,,0.690094,0.1,0.95,0.995
qlearning_v1,75,-858.6848,,,,0.686643,0.1,0.95,0.995
qlearning_v1,76,-913.5743,,,,0.68321,0.1,0.95,0.995
qlearning_v1,77,-726.5078,,,,0.679794,0.1,0.95,0.995
qlearning_v1,78,-749.4528,,,,0.676395,0.1,0.95,0.995
qlearning_v1,79,-690.8677,,,,0.673013,0.1,0.95,0.995
qlearning_v1,80,-788.3691,,,,0.669648,0.1,0.95,0.995
qlearning_v1,81,-844.3733,,,,0.6663,0.1,0.95,0.995
qlearning_v1,82,-889.6837,,,,0.662968,0.1,0.95,0.995
qlearning_v1,83,-908.103,,,,0.659653,0.1,0.95,0.995
qlearning_v1,84,-1088.2537,,,,0.656355,0.1,0.95,0.995
qlearning_v1,85,-801.3719,,,,0.653073,0.1,0.95,0.995
qlearning_v1,86,-903.4068,,,,0.649808,0.1,0.95,0.995
qlearning_v1,87,-651.0168,,,,0.646559,0.1,0.95,0.995
qlearning_v1,88,-894.3166,,,,0.643326,0.1,0.95,0.995
qlearning_v1,89,-764.8265,,,,0.640109,0.1,0.95,0.995
qlearning_v1,90,-771.9751,,,,0.636909,0.1,0.95,0.995
qlearning_v1,91,-679.0711,,,,0.633724,0.1,0.95,0.995
qlearning_v1,92,-712.5732,,,,0.630556,0.1,0.95,0.995
qlearning_v1,93,-835.0322,,,,0.627403,0.1,0.95,0.995
qlearning_v1,94,-633.2648,,,,0.624266,0.1,0.95,0.995
qlearning_v1,95,-712.014,,,,0.621145,0.1,0.95,0.995
qlearning_v1,96,-731.5401,,,,0.618039,0.1,0.95,0.995
qlearning_v1,97,-775.7502,,,,0.614949,0.1,0.95,0.995
qlearning_v1,98,-604.4314,,,,0.611874,0.1,0.95,0.995
qlearning_v1,99,-725.2607,,,,0.608815,0.1,0.95,0.995
qlearning_v1,100,-649.6326,-935.742,72.95,836.092,0.60577,0.1,0.95,0.995
qlearning_v1,101,-797.8675,,,,0.602742,0.1,0.95,0.995
qlearning_v1,102,-736.4744,,,,0.599728,0.1,0.95,0.995
qlearning_v1,103,-725.8494,,,,0.596729,0.1,0.95,0.995
qlearning_v1,104,-873.5499,,,,0.593746,0.1,0.95,0.995
qlearning_v1,105,-587.7047,,,,0.590777,0.1,0.95,0.995
qlearning_v1,106,-711.1111,,,,0.587823,0.1,0.95,0.995
qlearning_v1,107,-739.0937,,,,0.584884,0.1,0.95,0.995
qlearning_v1,108,-801.2643,,,,0.581959,0.1,0.95,0.995
qlearning_v1,109,-605.1079,,,,0.57905,0.1,0.95,0.995
qlearning_v1,110,-675.5451,,,,0.576154,0.1,0.95,0.995
qlearning_v1,111,-633.0643,,,,0.573274,0.1,0.95,0.995
qlearning_v1,112,-718.1525,,,,0.570407,0.1,0.95,0.995
qlearning_v1,113,-675.45,,,,0.567555,0.1,0.95,0.995
qlearning_v1,114,-785.9142,,,,0.564717,0.1,0.95,0.995
qlearning_v1,115,-933.1066,,,,0.561894,0.1,0.95,0.995
qlearning_v1,116,-943.4678,,,,0.559084,0.1,0.95,0.995
qlearning_v1,117,-992.0524,,,,0.556289,0.1,0.95,0.995
qlearning_v1,118,-784.0494,,,,0.553508,0.1,0.95,0.995
qlearning_v1,119,-682.4227,,,,0.55074,0.1,0.95,0.995
qlearning_v1,120,-686.0351,,,,0.547986,0.1,0.95,0.995
qlearning_v1,121,-711.085,,,,0.545246,0.1,0.95,0.995
qlearning_v1,122,-782.4102,,,,0.54252,0.1,0.95,0.995
qlearning_v1,123,-689.6722,,,,0.539808,0.1,0.95,0.995
qlearning_v1,124,-647.8715,,,,0.537108,0.1,0.95,0.995
qlearning_v1,125,-665.5742,,,,0.534423,0.1,0.95,0.995
qlearning_v1,126,-832.3759,,,,0.531751,0.1,0.95,0.995
qlearning_v1,127,-840.7313,,,,0.529092,0.1,0.95,0.995
qlearning_v1,128,-881.0838,,,,0.526447,0.1,0.95,0.995
qlearning_v1,129,-601.0928,,,,0.523814,0.1,0.95,0.995
qlearning_v1,130,-702.6882,,,,0.521195,0.1,0.95,0.995
qlearning_v1,131,-759.0403,,,,0.518589,0.1,0.95,0.995
qlearning_v1,132,-816.0405,,,,0.515996,0.1,0.95,0.995
qlearning_v1,133,-808.8666,,,,0.513416,0.1,0.95,0.995
qlearning_v1,134,-782.4046,,,,0.510849,0.1,0.95,0.995
qlearning_v1,135,-632.8972,,,,0.508295,0.1,0.95,0.995
qlearning_v1,136,-788.0004,,,,0.505754,0.1,0.95,0.995
qlearning_v1,137,-629.9508,,,,0.503225,0.1,0.95,0.995
qlearning_v1,138,-744.0861,,,,0.500709,0.1,0.95,0.995
qlearning_v1,139,-1002.4463,,,,0.498205,0.1,0.95,0.995
qlearning_v1,140,-739.2654,,,,0.495714,0.1,0.95,0.995
qlearning_v1,141,-777.7821,,,,0.493236,0.1,0.95,0.995
qlearning_v1,142,-699.2577,,,,0.490769,0.1,0.95,0.995
qlearning_v1,143,-829.8021,,,,0.488316,0.1,0.95,0.995
qlearning_v1,144,-757.4114,,,,0.485874,0.1,0.95,0.995
qlearning_v1,145,-721.0489,,,,0.483445,0.1,0.95,0.995
qlearning_v1,146,-911.1094,,,,0.481027,0.1,0.95,0.995
qlearning_v1,147,-872.8086,,,,0.478622,0.1,0.95,0.995
qlearning_v1,148,-908.9159,,,,0.476229,0.1,0.95,0.995
qlearning_v1,149,-893.1272,,,,0.473848,0.1,0.95,0.995
qlearning_v1,150,-781.3418,-1217.6541,92.95,1063.2791,0.471479,0.1,0.95,0.995
qlearning_v1,151,-785.1156,,,,0.469121,0.1,0.95,0.995
qlearning_v1,152,-656.5524,,,,0.466776,0.1,0.95,0.995
qlearning_v1,153,-805.331,,,,0.464442,0.1,0.95,0.995
qlearning_v1,154,-865.6153,,,,0.46212,0.1,0.95,0.995
qlearning_v1,155,-835.3903,,,,0.459809,0.1,0.95,0.995
qlearning_v1,156,-791.9534,,,,0.45751,0.1,0.95,0.995
qlearning_v1,157,-891.4343,,,,0.455222,0.1,0.95,0.995
qlearning_v1,158,-750.1293,,,,0.452946,0.1,0.95,0.995
qlearning_v1,159,-745.6982,,,,0.450682,0.1,0.95,0.995
qlearning_v1,160,-832.9636,,,,0.448428,0.1,0.95,0.995
qlearning_v1,161,-720.3618,,,,0.446186,0.1,0.95,0.995
qlearning_v1,162,-647.6949,,,,0.443955,0.1,0.95,0.995
qlearning_v1,163,-779.4199,,,,0.441735,0.1,0.95,0.995
qlearning_v1,164,-901.162,,,,0.439527,0.1,0.95,0.995
qlearning_v1,165,-855.831,,,,0.437329,0.1,0.95,0.995
qlearning_v1,166,-815.8183,,,,0.435142,0.1,0.95,0.995
qlearning_v1,167,-779.2784,,,,0.432967,0.1,0.95,0.995
qlearning_v1,168,-762.365,,,,0.430802,0.1,0.95,0.995
qlearning_v1,169,-881.2883,,,,0.428648,0.1,0.95,0.995
qlearning_v1,170,-758.8104,,,,0.426505,0.1,0.95,0.995
qlearning_v1,171,-887.1063,,,,0.424372,0.1,0.95,0.995
qlearning_v1,172,-719.7577,,,,0.42225,0.1,0.95,0.995
qlearning_v1,173,-885.5752,,,,0.420139,0.1,0.95,0.995
qlearning_v1,174,-720.4046,,,,0.418038,0.1,0.95,0.995
qlearning_v1,175,-775.4417,,,,0.415948,0.1,0.95,0.995
qlearning_v1,176,-712.2021,,,,0.413868,0.1,0.95,0.995
qlearning_v1,177,-683.7476,,,,0.411799,0.1,0.95,0.995
qlearning_v1,178,-574.4397,,,,0.40974,0.1,0.95,0.995
qlearning_v1,179,-777.927,,,,0.407691,0.1,0.95,0.995
qlearning_v1,180,-616.54,,,,0.405653,0.1,0.95,0.995
qlearning_v1,181,-766.6068,,,,0.403625,0.1,0.95,0.995
qlearning_v1,182,-616.3976,,,,0.401606,0.1,0.95,0.995
qlearning_v1,183,-665.0489,,,,0.399598,0.1,0.95,0.995
qlearning_v1,184,-786.079,,,,0.3976,0.1,0.95,0.995
qlearning_v1,185,-853.9336,,,,0.395612,0.1,0.95,0.995
qlearning_v1,186,-752.2146,,,,0.393634,0.1,0.95,0.995
qlearning_v1,187,-780.3605,,,,0.391666,0.1,0.95,0.995
qlearning_v1,188,-841.7328,,,,0.389708,0.1,0.95,0.995
qlearning_v1,189,-693.0196,,,,0.387759,0.1,0.95,0.995
qlearning_v1,190,-717.2541,,,,0.385821,0.1,0.95,0.995
qlearning_v1,191,-723.6438,,,,0.383891,0.1,0.95,0.995
qlearning_v1,192,-700.0659,,,,0.381972,0.1,0.95,0.995
qlearning_v1,193,-670.116,,,,0.380062,0.1,0.95,0.995
qlearning_v1,194,-856.3023,,,,0.378162,0.1,0.95,0.995
qlearning_v1,195,-715.0434,,,,0.376271,0.1,0.95,0.995
qlearning_v1,196,-706.3114,,,,0.37439,0.1,0.95,0.995
qlearning_v1,197,-762.483,,,,0.372518,0.1,0.95,0.995
qlearning_v1,198,-655.4884,,,,0.370655,0.1,0.95,0.995
qlearning_v1,199,-482.3998,,,,0.368802,0.1,0.95,0.995
qlearning_v1,200,-530.1831,-667.2896,96.9,522.2396,0.366958,0.1,0.95,0.995
qlearning_v1,201,-888.4337,,,,0.365123,0.1,0.95,0.995
qlearning_v1,202,-789.6808,,,,0.363297,0.1,0.95,0.995
qlearning_v1,203,-845.8457,,,,0.361481,0.1,0.95,0.995
qlearning_v1,204,-635.652,,,,0.359674,0.1,0.95,0.995
qlearning_v1,205,-731.8384,,,,0.357875,0.1,0.95,0.995
qlearning_v1,206,-770.2768,,,,0.356086,0.1,0.95,0.995
qlearning_v1,207,-661.5552,,,,0.354305,0.1,0.95,0.995
qlearning_v1,208,-775.0992,,,,0.352534,0.1,0.95,0.995
qlearning_v1,209,-889.8592,,,,0.350771,0.1,0.95,0.995
qlearning_v1,210,-733.7076,,,,0.349017,0.1,0.95,0.995
qlearning_v1,211,-857.1897,,,,0.347272,0.1,0.95,0.995
qlearning_v1,212,-817.3615,,,,0.345536,0.1,0.95,0.995
qlearning_v1,213,-598.7124,,,,0.343808,0.1,0.95,0.995
qlearning_v1,214,-759.0142,,,,0.342089,0.1,0.95,0.995
qlearning_v1,215,-749.8808,,,,0.340379,0.1,0.95,0.995
qlearning_v1,216,-614.3706,,,,0.338677,0.1,0.95,0.995
qlearning_v1,217,-959.1382,,,,0.336983,0.1,0.95,0.995
qlearning_v1,218,-586.8625,,,,0.335298,0.1,0.95,0.995
qlearning_v1,219,-644.4064,,,,0.333622,0.1,0.95,0.995
qlearning_v1,220,-711.1022,,,,0.331954,0.1,0.95,0.995
qlearning_v1,221,-726.4987,,,,0.330294,0.1,0.95,0.995
qlearning_v1,222,-739.5721,,,,0.328643,0.1,0.95,0.995
qlearning_v1,223,-768.8592,,,,0.326999,0.1,0.95,0.995
qlearning_v1,224,-846.9788,,,,0.325364,0.1,0.95,0.995
qlearning_v1,225,-769.8492,,,,0.323738,0.1,0.95,0.995
qlearning_v1,226,-789.1082,,,,0.322119,0.1,0.95,0.995
qlearning_v1,227,-630.3698,,,,0.320508,0.1,0.95,0.995
qlearning_v1,228,-604.7678,,,,0.318906,0.1,0.95,0.995
qlearning_v1,229,-836.7384,,,,0.317311,0.1,0.95,0.995
qlearning_v1,230,-914.675,,,,0.315725,0.1,0.95,0.995
qlearning_v1,231,-626.7368,,,,0.314146,0.1,0.95,0.995
qlearning_v1,232,-876.6439,,,,0.312575,0.1,0.95,0.995
qlearning_v1,233,-622.0195,,,,0.311012,0.1,0.95,0.995
qlearning_v1,234,-607.9945,,,,0.309457,0.1,0.95,0.995
qlearning_v1,235,-701.7511,,,,0.30791,0.1,0.95,0.995
qlearning_v1,236,-658.6118,,,,0.306371,0.1,0.95,0.995
qlearning_v1,237,-696.5401,,,,0.304839,0.1,0.95,0.995
qlearning_v1,238,-751.4374,,,,0.303315,0.1,0.95,0.995
qlearning_v1,239,-659.3905,,,,0.301798,0.1,0.95,0.995
qlearning_v1,240,-728.8206,,,,0.300289,0.1,0.95,0.995
qlearning_v1,241,-733.7352,,,,0.298788,0.1,0.95,0.995
qlearning_v1,242,-777.6258,,,,0.297294,0.1,0.95,0.995
qlearning_v1,243,-811.0379,,,,0.295807,0.1,0.95,0.995
qlearning_v1,244,-695.1186,,,,0.294328,0.1,0.95,0.995
qlearning_v1,245,-744.585,,,,0.292856,0.1,0.95,0.995
qlearning_v1,246,-711.5425,,,,0.291392,0.1,0.95,0.995
qlearning_v1,247,-720.0359,,,,0.289935,0.1,0.95,0.995
qlearning_v1,248,-620.8441,,,,0.288486,0.1,0.95,0.995
qlearning_v1,249,-659.1466,,,,0.287043,0.1,0.95,0.995
qlearning_v1,250,-754.401,-719.5796,127.25,506.7546,0.285608,0.1,0.95,0.995
qlearning_v1,251,-704.5892,,,,0.28418,0.1,0.95,0.995
qlearning_v1,252,-753.3931,,,,0.282759,0.1,0.95,0.995
qlearning_v1,253,-678.7709,,,,0.281345,0.1,0.95,0.995
qlearning_v1,254,-650.2334,,,,0.279938,0.1,0.95,0.995
qlearning_v1,255,-705.7876,,,,0.278539,0.1,0.95,0.995
qlearning_v1,256,-637.5935,,,,0.277146,0.1,0.95,0.995
qlearning_v1,257,-713.6756,,,,0.27576,0.1,0.95,0.995
qlearning_v1,258,-716.2068,,,,0.274382,0.1,0.95,0.995
qlearning_v1,259,-655.5753,,,,0.27301,0.1,0.95,0.995
qlearning_v1,260,-582.9118,,,,0.271645,0.1,0.95,0.995
qlearning_v1,261,-798.4225,,,,0.270286,0.1,0.95,0.995
qlearning_v1,262,-678.6956,,,,0.268935,0.1,0.95,0.995
qlearning_v1,263,-855.3297,,,,0.26759,0.1,0.95,0.995
qlearning_v1,264,-603.8059,,,,0.266252,0.1,0.95,0.995
qlearning_v1,265,-811.2354,,,,0.264921,0.1,0.95,0.995
qlearning_v1,266,-919.3827,,,,0.263596,0.1,0.95,0.995
qlearning_v1,267,-749.0546,,,,0.262278,0.1,0.95,0.995
qlearning_v1,268,-680.0733,,,,0.260967,0.1,0.95,0.995
qlearning_v1,269,-702.9414,,,,0.259662,0.1,0.95,0.995
qlearning_v1,270,-803.6679,,,,0.258364,0.1,0.95,0.995
qlearning_v1,271,-718.6439,,,,0.257072,0.1,0.95,0.995
qlearning_v1,272,-752.0041,,,,0.255787,0.1,0.95,0.995
qlearning_v1,273,-827.212,,,,0.254508,0.1,0.95,0.995
qlearning_v1,274,-721.6561,,,,0.253235,0.1,0.95,0.995
qlearning_v1,275,-844.8412,,,,0.251969,0.1,0.95,0.995
qlearning_v1,276,-526.7991,,,,0.250709,0.1,0.95,0.995
qlearning_v1,277,-663.1793,,,,0.249456,0.1,0.95,0.995
qlearning_v1,278,-625.8124,,,,0.248208,0.1,0.95,0.995
qlearning_v1,279,-771.6319,,,,0.246967,0.1,0.95,0.995
qlearning_v1,280,-713.1076,,,,0.245733,0.1,0.95,0.995
qlearning_v1,281,-762.3158,,,,0.244504,0.1,0.95,0.995
qlearning_v1,282,-567.206,,,,0.243281,0.1,0.95,0.995
qlearning_v1,283,-911.1215,,,,0.242065,0.1,0.95,0.995
qlearning_v1,284,-815.7429,,,,0.240855,0.1,0.95,0.995
qlearning_v1,285,-690.4022,,,,0.23965,0.1,0.95,0.995
qlearning_v1,286,-706.347,,,,0.238452,0.1,0.95,0.995
qlearning_v1,287,-712.8687,,,,0.23726,0.1,0.95,0.995
qlearning_v1,288,-662.3454,,,,0.236074,0.1,0.95,0.995
qlearning_v1,289,-623.6072,,,,0.234893,0.1,0.95,0.995
qlearning_v1,290,-711.7846,,,,0.233719,0.1,0.95,0.995
qlearning_v1,291,-697.1056,,,,0.23255,0.1,0.95,0.995
qlearning_v1,292,-586.1915,,,,0.231387,0.1,0.95,0.995
qlearning_v1,293,-668.1757,,,,0.23023,0.1,0.95,0.995
qlearning_v1,294,-645.5579,,,,0.229079,0.1,0.95,0.995
qlearning_v1,295,-734.4359,,,,0.227934,0.1,0.95,0.995
qlearning_v1,296,-827.259,,,,0.226794,0.1,0.95,0.995
qlearning_v1,297,-705.181,,,,0.22566,0.1,0.95,0.995
qlearning_v1,298,-738.0073,,,,0.224532,0.1,0.95,0.995
qlearning_v1,299,-698.9273,,,,0.223409,0.1,0.95,0.995
qlearning_v1,300,-676.3468,-670.1629,163.4,380.9129,0.222292,0.1,0.95,0.995
qlearning_v1,301,-748.1496,,,,0.221181,0.1,0.95,0.995
qlearning_v1,302,-629.8153,,,,0.220075,0.1,0.95,0.995
qlearning_v1,303,-686.4187,,,,0.218974,0.1,0.95,0.995
qlearning_v1,304,-689.698,,,,0.21788,0.1,0.95,0.995
qlearning_v1,305,-683.9459,,,,0.21679,0.1,0.95,0.995
qlearning_v1,306,-805.0779,,,,0.215706,0.1,0.95,0.995
qlearning_v1,307,-734.7597,,,,0.214628,0.1,0.95,0.995
qlearning_v1,308,-785.6583,,,,0.213555,0.1,0.95,0.995
qlearning_v1,309,-575.7354,,,,0.212487,0.1,0.95,0.995
qlearning_v1,310,-750.3618,,,,0.211424,0.1,0.95,0.995
qlearning_v1,311,-539.8509,,,,0.210367,0.1,0.95,0.995
qlearning_v1,312,-754.7771,,,,0.209315,0.1,0.95,0.995
qlearning_v1,313,-698.3638,,,,0.208269,0.1,0.95,0.995
qlearning_v1,314,-649.7947,,,,0.207227,0.1,0.95,0.995
qlearning_v1,315,-678.2655,,,,0.206191,0.1,0.95,0.995
qlearning_v1,316,-518.6309,,,,0.20516,0.1,0.95,0.995
qlearning_v1,317,-697.2481,,,,0.204135,0.1,0.95,0.995
qlearning_v1,318,-639.9025,,,,0.203114,0.1,0.95,0.995
qlearning_v1,319,-845.3916,,,,0.202098,0.1,0.95,0.995
qlearning_v1,320,-663.7097,,,,0.201088,0.1,0.95,0.995
qlearning_v1,321,-666.0725,,,,0.200082,0.1,0.95,0.995
qlearning_v1,322,-620.2383,,,,0.199082,0.1,0.95,0.995
qlearning_v1,323,-695.5565,,,,0.198087,0.1,0.95,0.995
qlearning_v1,324,-681.0244,,,,0.197096,0.1,0.95,0.995
qlearning_v1,325,-852.4505,,,,0.196111,0.1,0.95,0.995
qlearning_v1,326,-702.3809,,,,0.19513,0.1,0.95,0.995
qlearning_v1,327,-636.5327,,,,0.194154,0.1,0.95,0.995
qlearning_v1,328,-749.7007,,,,0.193184,0.1,0.95,0.995
qlearning_v1,329,-882.2849,,,,0.192218,0.1,0.95,0.995
qlearning_v1,330,-712.1142,,,,0.191257,0.1,0.95,0.995
qlearning_v1,331,-681.8831,,,,0.1903,0.1,0.95,0.995
qlearning_v1,332,-629.5976,,,,0.189349,0.1,0.95,0.995
qlearning_v1,333,-730.3974,,,,0.188402,0.1,0.95,0.995
qlearning_v1,334,-749.2023,,,,0.18746,0.1,0.95,0.995
qlearning_v1,335,-723.357,,,,0.186523,0.1,0.95,0.995
qlearning_v1,336,-843.8632,,,,0.18559,0.1,0.95,0.995
qlearning_v1,337,-769.0242,,,,0.184662,0.1,0.95,0.995
qlearning_v1,338,-764.1368,,,,0.183739,0.1,0.95,0.995
qlearning_v1,339,-751.6914,,,,0.18282,0.1,0.95,0.995
qlearning_v1,340,-669.326,,,,0.181906,0.1,0.95,0.995
qlearning_v1,341,-767.5638,,,,0.180997,0.1,0.95,0.995
qlearning_v1,342,-644.0229,,,,0.180092,0.1,0.95,0.995
qlearning_v1,343,-829.1493,,,,0.179191,0.1,0.95,0.995
qlearning_v1,344,-789.482,,,,0.178295,0.1,0.95,0.995
qlearning_v1,345,-640.3544,,,,0.177404,0.1,0.95,0.995
qlearning_v1,346,-735.3732,,,,0.176517,0.1,0.95,0.995
qlearning_v1,347,-696.8922,,,,0.175634,0.1,0.95,0.995
qlearning_v1,348,-780.3699,,,,0.174756,0.1,0.95,0.995
qlearning_v1,349,-816.6824,,,,0.173882,0.1,0.95,0.995
qlearning_v1,350,-665.7407,-634.4656,134.7,416.8906,0.173013,0.1,0.95,0.995
qlearning_v1,351,-695.0573,,,,0.172148,0.1,0.95,0.995
qlearning_v1,352,-929.2859,,,,0.171287,0.1,0.95,0.995
qlearning_v1,353,-680.1402,,,,0.170431,0.1,0.95,0.995
qlearning_v1,354,-714.6351,,,,0.169578,0.1,0.95,0.995
qlearning_v1,355,-676.6019,,,,0.168731,0.1,0.95,0.995
qlearning_v1,356,-720.3399,,,,0.167887,0.1,0.95,0.995
qlearning_v1,357,-831.6801,,,,0.167047,0.1,0.95,0.995
qlearning_v1,358,-729.885,,,,0.166212,0.1,0.95,0.995
qlearning_v1,359,-677.5367,,,,0.165381,0.1,0.95,0.995
qlearning_v1,360,-688.6852,,,,0.164554,0.1,0.95,0.995
qlearning_v1,361,-739.5246,,,,0.163731,0.1,0.95,0.995
qlearning_v1,362,-719.178,,,,0.162913,0.1,0.95,0.995
qlearning_v1,363,-815.1108,,,,0.162098,0.1,0.95,0.995
qlearning_v1,364,-614.6768,,,,0.161288,0.1,0.95,0.995
qlearning_v1,365,-684.5226,,,,0.160481,0.1,0.95,0.995
qlearning_v1,366,-779.0445,,,,0.159679,0.1,0.95,0.995
qlearning_v1,367,-650.4611,,,,0.158881,0.1,0.95,0.995
qlearning_v1,368,-788.9494,,,,0.158086,0.1,0.95,0.995
qlearning_v1,369,-627.505,,,,0.157296,0.1,0.95,0.995
qlearning_v1,370,-950.7152,,,,0.156509,0.1,0.95,0.995
qlearning_v1,371,-710.5887,,,,0.155727,0.1,0.95,0.995
qlearning_v1,372,-732.6506,,,,0.154948,0.1,0.95,0.995
qlearning_v1,373,-659.2311,,,,0.154173,0.1,0.95,0.995
qlearning_v1,374,-579.3044,,,,0.153402,0.1,0.95,0.995
qlearning_v1,375,-643.2523,,,,0.152635,0.1,0.95,0.995
qlearning_v1,376,-695.6161,,,,0.151872,0.1,0.95,0.995
qlearning_v1,377,-715.8951,,,,0.151113,0.1,0.95,0.995
qlearning_v1,378,-805.1369,,,,0.150357,0.1,0.95,0.995
qlearning_v1,379,-774.3973,,,,0.149606,0.1,0.95,0.995
qlearning_v1,380,-899.121,,,,0.148857,0.1,0.95,0.995
qlearning_v1,381,-597.9696,,,,0.148113,0.1,0.95,0.995
qlearning_v1,382,-715.405,,,,0.147373,0.1,0.95,0.995
qlearning_v1,383,-691.502,,,,0.146636,0.1,0.95,0.995
qlearning_v1,384,-665.5511,,,,0.145903,0.1,0.95,0.995
qlearning_v1,385,-620.7763,,,,0.145173,0.1,0.95,0.995
qlearning_v1,386,-711.527,,,,0.144447,0.1,0.95,0.995
qlearning_v1,387,-649.976,,,,0.143725,0.1,0.95,0.995
qlearning_v1,388,-786.3976,,,,0.143006,0.1,0.95,0.995
qlearning_v1,389,-591.5054,,,,0.142291,0.1,0.95,0.995
qlearning_v1,390,-712.8242,,,,0.14158,0.1,0.95,0.995
qlearning_v1,391,-547.0923,,,,0.140872,0.1,0.95,0.995
qlearning_v1,392,-680.3493,,,,0.140168,0.1,0.95,0.995
qlearning_v1,393,-745.7375,,,,0.139467,0.1,0.95,0.995
qlearning_v1,394,-723.9639,,,,0.138769,0.1,0.95,0.995
qlearning_v1,395,-665.1691,,,,0.138076,0.1,0.95,0.995
qlearning_v1,396,-615.922,,,,0.137385,0.1,0.95,0.995
qlearning_v1,397,-779.0546,,,,0.136698,0.1,0.95,0.995
qlearning_v1,398,-610.2133,,,,0.136015,0.1,0.95,0.995
qlearning_v1,399,-592.4887,,,,0.135335,0.1,0.95,0.995
qlearning_v1,400,-749.5163,-668.5487,98.9,526.2987,0.134658,0.1,0.95,0.995
qlearning_v1,401,-700.1572,,,,0.133985,0.1,0.95,0.995
qlearning_v1,402,-598.2926,,,,0.133315,0.1,0.95,0.995
qlearning_v1,403,-676.4049,,,,0.132648,0.1,0.95,0.995
qlearning_v1,404,-841.273,,,,0.131985,0.1,0.95,0.995
qlearning_v1,405,-607.6156,,,,0.131325,0.1,0.95,0.995
qlearning_v1,406,-769.0498,,,,0.130668,0.1,0.95,0.995
qlearning_v1,407,-887.5497,,,,0.130015,0.1,0.95,0.995
qlearning_v1,408,-714.0866,,,,0.129365,0.1,0.95,0.995
qlearning_v1,409,-868.9454,,,,0.128718,0.1,0.95,0.995
qlearning_v1,410,-613.2048,,,,0.128075,0.1,0.95,0.995
qlearning_v1,411,-752.4954,,,,0.127434,0.1,0.95,0.995
qlearning_v1,412,-590.129,,,,0.126797,0.1,0.95,0.995
qlearning_v1,413,-710.1037,,,,0.126163,0.1,0.95,0.995
qlearning_v1,414,-708.5476,,,,0.125532,0.1,0.95,0.995
qlearning_v1,415,-808.0447,,,,0.124905,0.1,0.95,0.995
qlearning_v1,416,-719.4444,,,,0.12428,0.1,0.95,0.995
qlearning_v1,417,-535.9297,,,,0.123659,0.1,0.95,0.995
qlearning_v1,418,-658.7493,,,,0.12304,0.1,0.95,0.995
qlearning_v1,419,-592.9309,,,,0.122425,0.1,0.95,0.995
qlearning_v1,420,-798.1995,,,,0.121813,0.1,0.95,0.995
qlearning_v1,421,-677.5047,,,,0.121204,0.1,0.95,0.995
qlearning_v1,422,-522.6161,,,,0.120598,0.1,0.95,0.995
qlearning_v1,423,-622.3992,,,,0.119995,0.1,0.95,0.995
qlearning_v1,424,-674.8371,,,,0.119395,0.1,0.95,0.995
qlearning_v1,425,-691.3659,,,,0.118798,0.1,0.95,0.995
qlearning_v1,426,-657.939,,,,0.118204,0.1,0.95,0.995
qlearning_v1,427,-702.8654,,,,0.117613,0.1,0.95,0.995
qlearning_v1,428,-641.2214,,,,0.117025,0.1,0.95,0.995
qlearning_v1,429,-694.8622,,,,0.11644,0.1,0.95,0.995
qlearning_v1,430,-633.6243,,,,0.115858,0.1,0.95,0.995
qlearning_v1,431,-712.1559,,,,0.115278,0.1,0.95,0.995
qlearning_v1,432,-663.391,,,,0.114702,0.1,0.95,0.995
qlearning_v1,433,-689.9376,,,,0.114128,0.1,0.95,0.995
qlearning_v1,434,-764.8162,,,,0.113558,0.1,0.95,0.995
qlearning_v1,435,-739.3859,,,,0.11299,0.1,0.95,0.995
qlearning_v1,436,-512.7859,,,,0.112425,0.1,0.95,0.995
qlearning_v1,437,-671.7963,,,,0.111863,0.1,0.95,0.995
qlearning_v1,438,-591.7336,,,,0.111304,0.1,0.95,0.995
qlearning_v1,439,-748.6761,,,,0.110747,0.1,0.95,0.995
qlearning_v1,440,-659.155,,,,0.110193,0.1,0.95,0.995
qlearning_v1,441,-711.6361,,,,0.109642,0.1,0.95,0.995
qlearning_v1,442,-691.3669,,,,0.109094,0.1,0.95,0.995
qlearning_v1,443,-625.2871,,,,0.108549,0.1,0.95,0.995
qlearning_v1,444,-534.7806,,,,0.108006,0.1,0.95,0.995
qlearning_v1,445,-587.0706,,,,0.107466,0.1,0.95,0.995
qlearning_v1,446,-625.1634,,,,0.106929,0.1,0.95,0.995
qlearning_v1,447,-732.7621,,,,0.106394,0.1,0.95,0.995
qlearning_v1,448,-578.9296,,,,0.105862,0.1,0.95,0.995
qlearning_v1,449,-526.1998,,,,0.105333,0.1,0.95,0.995
qlearning_v1,450,-756.1226,-870.2462,93.05,725.0712,0.104806,0.1,0.95,0.995
qlearning_v1,451,-719.7373,,,,0.104282,0.1,0.95,0.995
qlearning_v1,452,-727.1101,,,,0.103761,0.1,0.95,0.995
qlearning_v1,453,-653.1857,,,,0.103242,0.1,0.95,0.995
qlearning_v1,454,-681.6315,,,,0.102726,0.1,0.95,0.995
qlearning_v1,455,-704.9719,,,,0.102212,0.1,0.95,0.995
qlearning_v1,456,-762.656,,,,0.101701,0.1,0.95,0.995
qlearning_v1,457,-583.8908,,,,0.101192,0.1,0.95,0.995
qlearning_v1,458,-679.8771,,,,0.100686,0.1,0.95,0.995
qlearning_v1,459,-612.1794,,,,0.100183,0.1,0.95,0.995
qlearning_v1,460,-812.1229,,,,0.099682,0.1,0.95,0.995
qlearning_v1,461,-724.3427,,,,0.099184,0.1,0.95,0.995
qlearning_v1,462,-644.6715,,,,0.098688,0.1,0.95,0.995
qlearning_v1,463,-729.6459,,,,0.098194,0.1,0.95,0.995
qlearning_v1,464,-454.9669,,,,0.097703,0.1,0.95,0.995
qlearning_v1,465,-715.95,,,,0.097215,0.1,0.95,0.995
qlearning_v1,466,-638.2391,,,,0.096729,0.1,0.95,0.995
qlearning_v1,467,-659.8735,,,,0.096245,0.1,0.95,0.995
qlearning_v1,468,-713.0713,,,,0.095764,0.1,0.95,0.995
qlearning_v1,469,-672.6013,,,,0.095285,0.1,0.95,0.995
qlearning_v1,470,-755.9199,,,,0.094809,0.1,0.95,0.995
qlearning_v1,471,-627.5507,,,,0.094335,0.1,0.95,0.995
qlearning_v1,472,-686.7258,,,,0.093863,0.1,0.95,0.995
qlearning_v1,473,-764.1783,,,,0.093394,0.1,0.95,0.995
qlearning_v1,474,-723.836,,,,0.092927,0.1,0.95,0.995
qlearning_v1,475,-585.3001,,,,0.092462,0.1,0.95,0.995
qlearning_v1,476,-634.1493,,,,0.092,0.1,0.95,0.995
qlearning_v1,477,-569.086,,,,0.09154,0.1,0.95,0.995
qlearning_v1,478,-545.9896,,,,0.091082,0.1,0.95,0.995
qlearning_v1,479,-731.3392,,,,0.090627,0.1,0.95,0.995
qlearning_v1,480,-749.7222,,,,0.090173,0.1,0.95,0.995
qlearning_v1,481,-812.3378,,,,0.089723,0.1,0.95,0.995
qlearning_v1,482,-507.3604,,,,0.089274,0.1,0.95,0.995
qlearning_v1,483,-610.5068,,,,0.088828,0.1,0.95,0.995
qlearning_v1,484,-807.5151,,,,0.088383,0.1,0.95,0.995
qlearning_v1,485,-755.3457,,,,0.087942,0.1,0.95,0.995
qlearning_v1,486,-704.1284,,,,0.087502,0.1,0.95,0.995
qlearning_v1,487,-558.4046,,,,0.087064,0.1,0.95,0.995
qlearning_v1,488,-659.6042,,,,0.086629,0.1,0.95,0.995
qlearning_v1,489,-759.0739,,,,0.086196,0.1,0.95,0.995
qlearning_v1,490,-669.5992,,,,0.085765,0.1,0.95,0.995
qlearning_v1,491,-606.1636,,,,0.085336,0.1,0.95,0.995
qlearning_v1,492,-825.6785,,,,0.084909,0.1,0.95,0.995
qlearning_v1,493,-619.9455,,,,0.084485,0.1,0.95,0.995
qlearning_v1,494,-688.0688,,,,0.084062,0.1,0.95,0.995
qlearning_v1,495,-639.3294,,,,0.083642,0.1,0.95,0.995
qlearning_v1,496,-778.2871,,,,0.083224,0.1,0.95,0.995
qlearning_v1,497,-538.7933,,,,0.082808,0.1,0.95,0.995
qlearning_v1,498,-551.7577,,,,0.082394,0.1,0.95,0.995
qlearning_v1,499,-617.9904,,,,0.081982,0.1,0.95,0.995
qlearning_v1,500,-828.0834,-799.1772,93.3,663.8772,0.081572,0.1,0.95,0.995
